File,Tag,Depth,Classes
MurFeed.jsx,div,0,"text-center py-12 font-medium text-slate-500"
MurFeed.jsx,div,0,"max-w-2xl mx-auto py-8"
MurFeed.jsx,div,1,"mb-10 text-center"
MurFeed.jsx,div,2,"inline-block bg-white p-6 rounded-3xl border-2 border-orange-400 shadow-sm"
MurFeed.jsx,p,3,"text-xl font-medium text-slate-800"
MurFeed.jsx,div,1,"space-y-6"
MurFeed.jsx,UniversalCard,2,""
MurFeed.jsx,div,3,"text-center py-20 border-2 border-dashed border-orange-300 rounded-3xl bg-orange-50/50"
MurFeed.jsx,div,4,"text-6xl mb-6"
MurFeed.jsx,p,4,"text-2xl font-black mb-3 text-slate-800"
MurFeed.jsx,p,4,"text-slate-500"
MurFeed.jsx,div,4,"mt-8 text-sm text-slate-400 italic"
Towns.jsx,div,0,"flex items-center justify-center w-full h-full"
Towns.jsx,MapIcon,1,""
Towns.jsx,img,0,"town-logo-img"
Towns.jsx,div,0,"towns-container"
Towns.jsx,StatusLoader,1,""
Towns.jsx,div,0,"towns-container"
Towns.jsx,StatusLoader,1,""
Towns.jsx,div,0,"flex-1 flex flex-col w-full min-h-0 towns-page-container"
Towns.jsx,SEO,1,""
Towns.jsx,h1,2,"sr-only"
Towns.jsx,div,2,"flex-none w-full z-50 shadow-md bg-theme-base"
Towns.jsx,ContextualHeader,3,""
Towns.jsx,div,3,"flex-none w-full bg-[#FF6D23]/10 dark:bg-[#FF6D23]/15 border-b border-[#FF6D23]/20 px-3 py-2 flex items-center justify-between gap-3 shadow-inner z-40"
Towns.jsx,div,4,"flex items-center gap-2 flex-1 min-w-0 md:max-w-4xl mx-auto"
Towns.jsx,Info,5,"text-[#FF6D23] flex-shrink-0"
Towns.jsx,p,5,"text-[11px] sm:text-xs text-gray-800 dark:text-gray-200 leading-tight md:whitespace-normal mb-0"
Towns.jsx,span,6,"font-black mr-1 hidden sm:inline"
Towns.jsx,a,6,"text-[#FF6D23] hover:underline font-bold"
Towns.jsx,a,6,"text-[#FF6D23] hover:underline font-bold"
Towns.jsx,a,6,"underline"
Towns.jsx,button,4,"flex-shrink-0 text-gray-500 hover:text-[#FF6D23] transition-colors bg-white/50 dark:bg-black/20 rounded-lg p-1 animate-pulse hover:animate-none border border-black/5 dark:border-white/5"
Towns.jsx,X,5,""
Towns.jsx,div,3,"flex-1 overflow-y-scroll custom-scrollbar towns-content-area"
Towns.jsx,UniversalGridWrapper,4,""
Towns.jsx,UniversalGridRow,5,"pb-8"
Towns.jsx,TownLocalEnricher,6,""
Towns.jsx,UniversalCard,7,"town-card animate-in w-full ${isUserTown ? ""ring-2 ring-[var(--theme-accent-primary)] shadow-[0_0_20px_rgba(249,115,22,0.3)]"" : """"}"
Towns.jsx,div,8,"mt-3 mb-1 w-full flex justify-center"
Towns.jsx,a,9,"text-sm md:text-[15px] font-black text-sdp-theme-accent-primary hover:underline transition-opacity text-center"
Towns.jsx,div,6,"col-span-full py-20 text-center opacity-50 font-black uppercase tracking-widest"
Towns.jsx,p,7,""
Towns.jsx,button,7,""
Towns.jsx,div,4,"events-container"
Towns.jsx,div,5,"calendar-widget-wrapper mb-6 bg-theme-panel p-4 md:p-6 rounded-[28px] border border-white/5 shadow-sm"
Towns.jsx,div,6,"flex items-center justify-between mb-6 px-2"
Towns.jsx,button,7,"p-3 hover:bg-gray-100 dark:hover:bg-white/5 rounded-full transition-colors"
Towns.jsx,ChevronLeft,8,""
Towns.jsx,span,7,"font-black tracking-widest text-base md:text-[18px]"
Towns.jsx,button,7,"p-3 hover:bg-gray-100 dark:hover:bg-white/5 rounded-full transition-colors"
Towns.jsx,ChevronRight,8,""
Towns.jsx,div,6,"grid grid-cols-7 gap-1 md:gap-2 text-center mb-3"
Towns.jsx,div,7,"text-xs md:text-[14px] font-black opacity-50 mb-2"
Towns.jsx,div,6,"grid grid-cols-7 gap-1 md:gap-2 text-center"
Towns.jsx,div,7,"p-2 md:p-3"
Towns.jsx,button,7,"relative flex flex-col items-center justify-center p-2 h-12 w-full sm:h-14 rounded-[16px] text-[16px] md:text-[18px] font-bold transition-all hover:scale-105 active:scale-95
                                        ${hasEvent ? 'bg-[var(--theme-accent-primary)]/10 text-[var(--theme-accent-primary)] font-black' : 'hover:bg-gray-100 dark:hover:bg-white/5'}
                                        ${isToday ? 'ring-2 ring-[var(--theme-accent-primary)] ring-offset-2 dark:ring-offset-[#111827]' : ''}"
Towns.jsx,div,8,"absolute bottom-1 w-1.5 h-1.5 rounded-full bg-sdp-theme-accent-primary"
Towns.jsx,div,5,"empty-state-full py-10 text-center opacity-50"
Towns.jsx,h3,6,""
Towns.jsx,p,6,""
Towns.jsx,UniversalGridWrapper,5,"pt-6"
Towns.jsx,UniversalGridRow,6,"pb-8"
Towns.jsx,UniversalCard,7,"event-card animate-in-up w-full"
Towns.jsx,div,8,"event-description text-sm opacity-90"
Towns.jsx,div,8,"event-tags flex gap-2 flex-wrap mt-2"
Towns.jsx,span,9,"tag-pill"
Towns.jsx,div,4,"rhizome-essences animate-in"
Towns.jsx,section,5,"essence-hero py-6 text-center border-b border-white/10 mb-8"
Towns.jsx,h2,6,"text-2xl font-black text-primary"
Towns.jsx,p,6,"opacity-70 text-sm"
Towns.jsx,UniversalGridWrapper,5,""
Towns.jsx,UniversalGridRow,6,"pb-6"
Towns.jsx,UniversalCard,7,"essence-card w-full"
Towns.jsx,span,8,"text-xs font-bold text-success"
Towns.jsx,button,8,"text-xs font-black text-primary"
Towns.jsx,p,7,"text-sm opacity-90 py-2"
Towns.jsx,strong,8,""
Towns.jsx,em,8,""
Towns.jsx,em,8,""
Towns.jsx,div,7,"specs-box mt-2 p-3 bg-white/5 border border-white/10 rounded flex justify-between"
Towns.jsx,div,8,"spec text-xs"
Towns.jsx,strong,9,""
Towns.jsx,div,8,"spec text-xs"
Towns.jsx,strong,9,""
Towns.jsx,UniversalCard,6,"essence-card w-full"
Towns.jsx,span,7,"text-xs font-bold"
Towns.jsx,button,7,"text-xs font-black text-primary"
Towns.jsx,p,6,"text-sm opacity-90 py-2"
Towns.jsx,div,6,"stops-list flex flex-wrap gap-2 mt-2"
Towns.jsx,span,7,"px-2 py-1 bg-white/5 text-xs rounded border border-white/10"
MasterCalendar.jsx,SystemPageLayout,0,"calendar-master-page animate-in"
MasterCalendar.jsx,SEO,0,""
MasterCalendar.jsx,div,0,"flex-1 flex flex-col w-full h-full min-h-0"
MasterCalendar.jsx,CalendarManagerModal,1,""
MasterCalendar.jsx,div,2,"flex-1 min-h-[600px] relative w-full mb-8 pt-2 max-w-[1500px] mx-auto px-0 md:px-8"
MasterCalendar.jsx,FullCalendar,3,""
MasterCalendar.jsx,div,4,"fc-event-capsule ${extendedProps?.type || 'personal'} flex items-center gap-1 overflow-hidden whitespace-nowrap text-xs p-1 rounded w-full backdrop-blur-md cursor-pointer"
MasterCalendar.jsx,img,5,"w-4 h-4 rounded-full object-cover shrink-0"
MasterCalendar.jsx,span,5,"emoji flex items-center justify-center shrink-0"
MasterCalendar.jsx,span,5,"truncate"
MasterCalendar.jsx,div,3,"unified-feed-container w-full max-w-[1600px] mx-auto mt-6 px-4 md:px-8 bg-transparent relative"
MasterCalendar.jsx,div,4,"py-4 flex items-center justify-between mb-2"
MasterCalendar.jsx,h2,5,"text-2xl font-black flex items-center gap-3 text-theme-text tracking-tight"
MasterCalendar.jsx,Activity,6,"text-[#F97316]"
MasterCalendar.jsx,span,5,"px-4 py-1.5 bg-theme-panel rounded-[12px] text-xs font-black text-theme-muted tracking-wider uppercase border border-border-master shadow-sm"
MasterCalendar.jsx,div,4,"flex gap-2 overflow-x-auto w-full no-scrollbar z-[10] pb-4 mb-2 items-center"
MasterCalendar.jsx,button,5,""
MasterCalendar.jsx,Plus,6,"w-5 h-5"
MasterCalendar.jsx,button,5,""
MasterCalendar.jsx,Icon,6,"w-[18px] h-[18px] mr-2 text-[#F97316]"
MasterCalendar.jsx,X,6,"w-4 h-4 ml-2 opacity-0 group-data-[active=true]:opacity-100 text-red-500 transition-opacity"
MasterCalendar.jsx,div,5,"fixed inset-0 z-[100] flex flex-col justify-end pointer-events-none p-4 md:p-8"
MasterCalendar.jsx,div,6,"absolute inset-0 bg-black/40 backdrop-blur-sm pointer-events-auto"
MasterCalendar.jsx,div,7,"relative bg-theme-panel w-full max-w-md mx-auto rounded-[32px] p-6 shadow-[0_20px_60px_rgba(0,0,0,0.6)] pointer-events-auto flex flex-col animate-slide-up-custom border border-border-master max-h-[80vh]"
MasterCalendar.jsx,div,8,"flex justify-between items-center mb-6"
MasterCalendar.jsx,h3,9,"text-xl font-black text-theme-text tracking-tight flex items-center gap-2"
MasterCalendar.jsx,Layers,10,"w-6 h-6 text-[#F97316]"
MasterCalendar.jsx,button,9,""
MasterCalendar.jsx,X,10,"w-5 h-5"
MasterCalendar.jsx,div,8,"flex-1 overflow-y-auto custom-scrollbar pb-4 space-y-2 pr-2"
MasterCalendar.jsx,div,9,"flex gap-2 mb-4"
MasterCalendar.jsx,button,10,""
MasterCalendar.jsx,button,10,""
MasterCalendar.jsx,button,9,""
MasterCalendar.jsx,div,10,"flex items-center gap-3"
MasterCalendar.jsx,div,11,"w-8 h-8 rounded-full flex items-center justify-center ${isSelected ? 'bg-[#F97316] text-white' : 'bg-theme-panel text-theme-muted'}"
MasterCalendar.jsx,Icon,12,"w-4 h-4"
MasterCalendar.jsx,span,11,"font-black text-[14px] tracking-wide ${isSelected ? 'text-[#F97316]' : 'text-theme-text'}"
MasterCalendar.jsx,div,10,"w-5 h-5 rounded-full border-2 flex items-center justify-center transition-colors ${isSelected ? 'border-[#F97316] bg-[#F97316]' : 'border-theme-muted'}"
MasterCalendar.jsx,Check,11,"w-3 h-3 text-white"
MasterCalendar.jsx,div,8,"pt-4 border-t border-border-master"
MasterCalendar.jsx,button,9,""
MasterCalendar.jsx,div,6,"flex justify-center p-12"
MasterCalendar.jsx,span,7,"animate-pulse text-[#F97316] font-bold tracking-widest text-sm uppercase"
MasterCalendar.jsx,div,6,"bg-transparent pb-24"
MasterCalendar.jsx,Feed,7,""
MasterCalendar.jsx,GlobalErrorBoundary,3,""
MasterCalendar.jsx,GoogleOAuthProvider,4,""
MasterCalendar.jsx,MasterCalendarContent,5,""
Map.jsx,div,0,"flex flex-row items-center animate-bounce-slow hover:scale-110 transition-transform cursor-pointer relative -top-[40px] -left-[20px] pointer-events-auto w-max"
Map.jsx,svg,1,"${colorClass} drop-shadow-[0_4px_12px_rgba(249,115,22,0.4)]"
Map.jsx,path,2,""
Map.jsx,circle,2,""
Map.jsx,span,1,"bg-theme-panel text-theme-text text-base lg:text-lg font-black tracking-wide px-4 py-2 rounded-[16px] shadow-[0_8px_32px_rgba(0,0,0,0.8)] ml-1 border-none whitespace-nowrap"
Map.jsx,div,0,"w-12 h-12 rounded-[20px] border-none shadow-[0_8px_32px_rgba(0,0,0,0.6)] overflow-visible bg-theme-panel hover:scale-125 transition-transform cursor-pointer relative z-40 flex items-center justify-center pointer-events-auto ring-2 ring-white/20"
Map.jsx,img,1,"w-full h-full rounded-[20px] object-cover bg-theme-base text-xs"
Map.jsx,div,1,"absolute -bottom-2 -right-2 w-6 h-6 rounded-full ${bgColor} flex items-center justify-center shadow-lg border-2 border-theme-panel"
Map.jsx,Icon,2,"text-white w-3 h-3"
Map.jsx,div,1,"w-full h-full rounded-[20px] ${bgColor} flex items-center justify-center"
Map.jsx,Icon,2,"text-white w-5 h-5"
Map.jsx,div,0,"absolute bottom-6 right-6 flex flex-col gap-3 z-[10]"
Map.jsx,div,1,"flex flex-col gap-2 mb-2 bg-theme-panel rounded-[24px] p-2 shadow-[0_10px_40px_rgba(0,0,0,0.6)]"
Map.jsx,button,2,"flex items-center justify-center w-12 h-12 rounded-[18px] bg-theme-base text-theme-text hover:bg-gray-100 dark:hover:bg-gray-800 transition-transform active:scale-95"
Map.jsx,Plus,3,"w-8 h-8 font-black"
Map.jsx,div,2,"h-[1px] w-full bg-border-master opacity-30"
Map.jsx,button,2,"flex items-center justify-center w-12 h-12 rounded-[18px] bg-theme-base text-theme-text hover:bg-gray-100 dark:hover:bg-gray-800 transition-transform active:scale-95"
Map.jsx,Minus,3,"w-8 h-8 font-black"
Map.jsx,button,1,""
Map.jsx,Plus,2,"w-7 h-7"
Map.jsx,button,1,"flex items-center justify-center w-14 h-14 bg-theme-panel text-theme-text/90 rounded-[24px] shadow-[0_10px_40px_rgba(0,0,0,0.6)] hover:brightness-110 transition-transform active:scale-95"
Map.jsx,Navigation,2,"w-6 h-6"
Map.jsx,SystemPageLayout,0,"map-page-container"
Map.jsx,ContextualHeader,1,""
Map.jsx,div,0,"map-content-area w-full max-w-[1600px] mx-auto p-0 md:p-8"
Map.jsx,div,1,"relative w-full h-[60vh] min-h-[500px] max-h-[850px] md:rounded-[40px] overflow-hidden bg-theme-panel border-none group shadow-2xl"
Map.jsx,BlueprintOverlay,2,""
Map.jsx,div,2,"absolute inset-0 z-0 map-container-custom"
Map.jsx,APIProvider,3,""
Map.jsx,GoogleMap,4,""
Map.jsx,AdvancedMarker,5,""
Map.jsx,TownPin,6,""
Map.jsx,AdvancedMarker,5,""
Map.jsx,TownPin,6,""
Map.jsx,AdvancedMarker,5,""
Map.jsx,TownPin,6,""
Map.jsx,AdvancedMarker,5,""
Map.jsx,TownPin,6,""
Map.jsx,AdvancedMarker,5,""
Map.jsx,TownPin,6,""
Map.jsx,AdvancedMarker,5,""
Map.jsx,TownPin,6,""
Map.jsx,AdvancedMarker,5,""
Map.jsx,TownPin,6,""
Map.jsx,AdvancedMarker,5,""
Map.jsx,TownPin,6,""
Map.jsx,AdvancedMarker,5,""
Map.jsx,TownPin,6,""
Map.jsx,AdvancedMarker,5,""
Map.jsx,PostPin,6,""
Map.jsx,InfoWindow,5,""
Map.jsx,div,6,"text-center min-w-[140px] p-3 cursor-pointer bg-theme-panel rounded-[20px] transition-transform active:scale-95 shadow-xl border border-border-master"
Map.jsx,h4,7,"text-base font-black block text-theme-text line-clamp-2 leading-tight m-0 tracking-wide"
Map.jsx,span,7,"text-[11px] text-[#F97316] mt-2 block font-bold uppercase tracking-wider"
Map.jsx,InteractiveControls,5,""
Map.jsx,div,3,"w-full h-full flex flex-col items-center justify-center bg-theme-panel p-8 text-center decoration-none relative overflow-hidden"
Map.jsx,div,4,"absolute inset-0 bg-[radial-gradient(circle_at_center,rgba(249,115,22,0.05)_0%,transparent_70%)]"
Map.jsx,MapIcon,4,"w-16 h-16 mb-6 text-[#F97316] drop-shadow-[0_0_15px_rgba(249,115,22,0.5)] z-10"
Map.jsx,h3,4,"text-3xl font-black text-theme-text mb-3 tracking-tight z-10"
Map.jsx,p,4,"max-w-md text-theme-text/60 text-sm leading-relaxed mb-8 z-10 font-medium"
Map.jsx,strong,5,"text-theme-text"
Map.jsx,div,4,"bg-theme-base p-5 rounded-[24px] shadow-[0_10px_40px_rgba(0,0,0,0.8)] border border-border-master w-full max-w-sm z-10 group transition-all"
Map.jsx,p,5,"text-[11px] text-theme-text/50 font-mono text-left mb-2 uppercase font-bold tracking-widest"
Map.jsx,code,5,"block w-full text-left text-[#F97316] bg-theme-panel p-3 rounded-[16px] text-sm overflow-x-auto whitespace-nowrap shadow-inner font-mono font-medium"
Map.jsx,div,2,"absolute top-6 left-1/2 transform -translate-x-1/2 bg-[#F97316] text-white font-black px-6 py-3 rounded-[20px] shadow-[0_10px_40px_rgba(249,115,22,0.4)] z-[20] animate-pulse tracking-wide text-sm whitespace-nowrap border-none"
Map.jsx,div,2,"absolute top-6 left-6 flex gap-2 overflow-x-auto max-w-[calc(100%-80px)] pr-6 no-scrollbar z-[10] p-1 items-center"
Map.jsx,button,3,""
Map.jsx,Plus,4,"w-5 h-5"
Map.jsx,button,3,""
Map.jsx,Icon,4,"w-[18px] h-[18px] mr-2 text-[#F97316]"
Map.jsx,X,4,"w-4 h-4 ml-2 opacity-0 group-data-[active=true]:opacity-100 text-red-500 transition-opacity"
Map.jsx,div,3,"fixed inset-0 z-[100] flex flex-col justify-end pointer-events-none p-4 md:p-8"
Map.jsx,div,4,"absolute inset-0 bg-black/40 backdrop-blur-sm pointer-events-auto"
Map.jsx,div,5,"relative bg-theme-panel w-full max-w-md mx-auto rounded-[32px] p-6 shadow-[0_20px_60px_rgba(0,0,0,0.6)] pointer-events-auto flex flex-col animate-slide-up-custom border border-border-master max-h-[80vh]"
Map.jsx,div,6,"flex justify-between items-center mb-6"
Map.jsx,h3,7,"text-xl font-black text-theme-text tracking-tight flex items-center gap-2"
Map.jsx,Layers,8,"w-6 h-6 text-[#F97316]"
Map.jsx,button,7,""
Map.jsx,X,8,"w-5 h-5"
Map.jsx,div,6,"flex-1 overflow-y-auto custom-scrollbar pb-4 space-y-2 pr-2"
Map.jsx,div,7,"flex gap-2 mb-4"
Map.jsx,button,8,""
Map.jsx,button,8,""
Map.jsx,button,7,""
Map.jsx,div,8,"flex items-center gap-3"
Map.jsx,div,9,"w-8 h-8 rounded-full flex items-center justify-center ${isSelected ? 'bg-[#F97316] text-white' : 'bg-theme-panel text-theme-muted'}"
Map.jsx,Icon,10,"w-4 h-4"
Map.jsx,span,9,"font-black text-[14px] tracking-wide ${isSelected ? 'text-[#F97316]' : 'text-theme-text'}"
Map.jsx,div,8,"w-5 h-5 rounded-full border-2 flex items-center justify-center transition-colors ${isSelected ? 'border-[#F97316] bg-[#F97316]' : 'border-theme-muted'}"
Map.jsx,Check,9,"w-3 h-3 text-white"
Map.jsx,div,6,"pt-4 border-t border-border-master"
Map.jsx,button,7,""
Map.jsx,div,2,"unified-feed-container w-full max-w-[1600px] mx-auto mt-6 px-4 md:px-8 bg-transparent"
Map.jsx,div,3,"py-4 flex items-center justify-between mb-2"
Map.jsx,h2,4,"text-2xl font-black flex items-center gap-3 text-theme-text tracking-tight"
Map.jsx,Activity,5,"text-[#F97316]"
Map.jsx,span,4,"px-4 py-1.5 bg-theme-panel rounded-[12px] text-xs font-black text-theme-muted tracking-wider uppercase border border-border-master shadow-sm"
Map.jsx,div,3,"flex justify-center p-12"
Map.jsx,span,4,"animate-pulse text-[#F97316] font-bold tracking-widest text-sm uppercase"
Map.jsx,div,3,"bg-transparent pb-24"
Map.jsx,Feed,4,""
